rank,uri,artist_names,track_name,source,peak_rank,previous_rank,weeks_on_chart,streams
1,"spotify:track:2rPE9A1vEgShuZxxzR2tZH","Ariana Grande","thank u, next","Republic Records",1,3,9,"31187542"
2,"spotify:track:3KkXRkHbMCARz0aVfEt68P","Post Malone, Swae Lee","Sunflower - Spider-Man: Into the Spider-Verse","Universal Records",2,5,11,"30229896"
3,"spotify:track:6MWtB6iiXyIwun0YzU6DFP","Post Malone","Wow.","Republic Records",3,25,2,"29083499"
4,"spotify:track:4w8niZpiMy6qz1mntFA5uM","DJ Snake, Selena Gomez, Ozuna, Cardi B","Taki Taki (with Selena Gomez, Ozuna & Cardi B)","DJ Snake Music Productions Limited, under exclusive license to Geffen Records",1,6,14,"24784744"
5,"spotify:track:5p7ujcrUXASCNwRaWNHR1C","Halsey","Without Me","Capitol Records",4,11,13,"22862806"
6,"spotify:track:116H0KvKr2Zl4RPuVBruDO","Bad Bunny, Drake","MIA","Rimas Entertainment LLC",1,14,12,"20458104"
7,"spotify:track:25sgk305KZfyuqVBQIahim","Ava Max","Sweet but Psycho","Atlantic Records",7,18,14,"20271743"
8,"spotify:track:2xLMifQCjDGFmkHkpNLD9h","Travis Scott","SICKO MODE","Cactus Jack / Epic / Grand Hustle",2,16,22,"18743742"
9,"spotify:track:2dpaYNEQHiRxtZbfNsse99","Marshmello, Bastille","Happier","Astralwerks",2,20,20,"18596650"
10,"spotify:track:5iwz1NiezX7WWjnCgY5TH4","Pedro Capó, Farruko","Calma - Remix","Sony Music Latin",10,28,8,"17560600"
11,"spotify:track:6FyRXC8tJUh863JCkyWqtk","Paulo Londra","Adan y Eva","WEA Latina",11,19,8,"16779675"
12,"spotify:track:0FZ4Dmg8jJJAPJnvBIzD9z","Kodak Black, Offset, Travis Scott","ZEZE (feat. Travis Scott & Offset)","Atlantic Records",3,22,12,"16760203"
13,"spotify:track:2IRZnDFmlqMuOrYOLnZZyc","Meek Mill, Drake","Going Bad (feat. Drake)","MMG/Atlantic",11,24,5,"16204182"
14,"spotify:track:1rqqCSm0Qe4I9rUvWncaom","Panic! At The Disco","High Hopes","DCD2 / Fueled By Ramen",14,52,28,"14787522"
15,"spotify:track:2VxeLyX666F8uXCJ0dZF8B","Lady Gaga, Bradley Cooper","Shallow","A Star is Born OST",5,39,14,"13959172"
16,"spotify:track:7FGq80cy8juXBCD2nrqdWU","benny blanco, Halsey, Khalid","Eastside (with Halsey & Khalid)","Friends Keep Secrets/Interscope Records",4,47,25,"13551083"
17,"spotify:track:1xzBco0xcoJEDXktl7Jxrr","Sheck Wes","Mo Bamba","Cactus Jack Records/ G.O.O.D. Music/ Interscope Records",11,34,20,"13358031"
18,"spotify:track:7fa9MBXhVfQ8P8Df9OEbD8","Maroon 5, Cardi B","Girls Like You (feat. Cardi B) - Cardi B Version","Interscope Records*",2,51,31,"12971076"
19,"spotify:track:0todbbT9g5uQGbeFCiBf2F","Ariana Grande","imagine","Republic Records",8,33,3,"12846216"
20,"spotify:track:78QR3Wp35dqAhFEc2qAGjE","Lil Baby, Gunna","Drip Too Hard (Lil Baby & Gunna)","Quality Control Music/Young Stoner Life Records, a 300 Entertainment Label/Motown Records/Capitol Records",13,36,16,"12821151"
21,"spotify:track:2LskIZrCeLxRvCiGP8gxlh","XXXTENTACION, Lil Pump, Swae Lee, Maluma","Arms Around You (feat. Maluma & Swae Lee)","Warner Records",3,38,10,"12674714"
22,"spotify:track:7dt6x5M1jzdTEt8oCbisTK","Post Malone","Better Now","Republic Records",1,55,36,"12581757"
23,"spotify:track:27rdGxbavYJeBphck5MZAF","Mark Ronson, Miley Cyrus","Nothing Breaks Like a Heart (feat. Miley Cyrus)","Columbia",22,45,5,"12335749"
24,"spotify:track:3ee8Jmje8o58CHK66QrVC2","XXXTENTACION","SAD!","Bad Vibes Forever, LLC",1,48,44,"12035281"
25,"spotify:track:14JzyD6FlBD5z0wV5P07YI","Billie Eilish","when the party's over","Darkroom/Interscope Records",12,53,11,"12003782"
26,"spotify:track:285pBltuF7vW8TeWk8hdRR","Juice WRLD","Lucid Dreams","Juice WRLD Mixtape / ISR P&D",3,50,34,"12002754"
27,"spotify:track:0E9ZjEAyAwOXZ7wJC0PD33","Dynoro, Gigi D'Agostino","In My Mind","Columbia/B1 Recordings",6,59,26,"11899987"
28,"spotify:track:7tFiyTwD0nx5a1eklYtX2J","Queen","Bohemian Rhapsody - Remastered 2011","EMI",11,43,18,"11843007"
29,"spotify:track:6zeeWid2sgw4lap2jV61PZ","Khalid","Better","Right Hand Music Group, LLC/RCA Records",7,58,16,"11506208"
30,"spotify:track:5JEx7HbmvHQQswJCsoo9rA","Ellie Goulding, Diplo, Swae Lee","Close To Me (with Diplo) (feat. Swae Lee)","Polydor Records",30,82,10,"11457047"
31,"spotify:track:58q2HKrzhC3ozto2nDdN4z","Cardi B, Bad Bunny, J Balvin","I Like It","Atlantic/KSR",2,67,39,"10986025"
32,"spotify:track:0e7ipj03S05BNilyu5bRzt","Post Malone, 21 Savage","rockstar (feat. 21 Savage)","Republic Records",1,77,68,"10738196"
33,"spotify:track:3EPXxR3ImUwfayaurPi3cm","Dean Lewis","Be Alright","Universal Music Australia Pty. Ltd.",12,66,24,"10630130"
34,"spotify:track:2cYnZNzFRFK0H7vSNxPsUq","Anuel AA, Romeo Santos","Ella Quiere Beber - Remix","Real Hasta La Muerte, LLC",34,62,9,"10558659"
35,"spotify:track:5N5k9nd479b1xpDZ4usjrg","Calvin Harris, Sam Smith, Jessie Reyez","Promises (with Sam Smith)","Columbia",5,85,20,"10550614"
36,"spotify:track:6DCZcSspjsKoFjzjrWoCdn","Drake","God's Plan","Cash Money/Drake LP6",1,87,50,"10251850"
37,"spotify:track:0JP9xo3adEtGSdUEISiszL","XXXTENTACION","Moonlight","Bad Vibes Forever, LLC",2,63,42,"10148769"
38,"spotify:track:4uP3pUP18ennmz0tb3GphR","Bad Bunny","Solo de Mi","Rimas Entertainment LLC",38,79,3,"10096032"
39,"spotify:track:5kfNriitmkNE8mUbZ7gbq8","Khalid","Saturday Nights","Right Hand Music Group, LLC/RCA Records",39,88,9,"10067968"
40,"spotify:track:14mHfNsSHN0FbLftyjrV9g","Flipp Dinero","Leave Me Alone","Cinematic/Epic/We The Best",40,70,17,"9919193"
41,"spotify:track:48zFZh27QU5qsrBjn4C2FA","Ozuna, Manuel Turizo","Vaina Loca","VP Records Corp/Dimelo Vi",18,69,27,"9610556"
42,"spotify:track:6MJUCumnQsQEKbCy28tbCP","Daddy Yankee, Anuel AA","Adictiva","El Cartel Records (EC3)",42,84,8,"9430390"
43,"spotify:track:2iUXsYOEPhVqEBwsqP70rE","5 Seconds of Summer","Youngblood","Capitol",8,95,38,"9362217"
44,"spotify:track:2G1tXoGBaEMJ7FKGnkf6ud","Gucci Mane, Bruno Mars, Kodak Black","Wake Up in the Sky","Guwop Enterprises/Atlantic",26,76,16,"9333229"
45,"spotify:track:7pdF27mSDuPWhppnHAmWHa","XXXTENTACION","whoa (mind in awe)","Bad Vibes Forever / EMPIRE",10,71,4,"9309724"
46,"spotify:track:5IaHrVsrferBYDm0bDyABy","Tyga, Offset","Taste (feat. Offset)","Last Kings Music / EMPIRE",6,91,33,"9201890"
47,"spotify:track:2FUNBaa5DwItJtYEBgAblU","21 Savage","monster","Slaughter Gang, LLC/Epic Records",47,56,2,"9056278"
48,"spotify:track:2RSHsoi04658QL5xgQVov3","Imagine Dragons","Bad Liar","Kid Ina Korner / Interscope",17,73,8,"9035253"
49,"spotify:track:2G7V7zsVDxg1yRsu7Ew9RJ","Drake","In My Feelings","Cash Money/Drake LP6",1,90,27,"8967851"
50,"spotify:track:7ef4DlsgrMEH11cDZd32M6","Calvin Harris, Dua Lipa","One Kiss (with Dua Lipa)","Sony Music UK",2,128,39,"8961013"
51,"spotify:track:5tAa8Uaqr4VvA3693mbIhU","Zara Larsson","Ruin My Life","Epic/Record Company TEN",28,93,11,"8958749"
52,"spotify:track:3Ol2xnObFdKV9pmRD2t9x8","A Boogie Wit da Hoodie","Look Back at It","Highbridge the Label / Atlantic Records",52,129,2,"8627221"
53,"spotify:track:13hvHEstJ4sNbzdroPrPI3","Dua Lipa, BLACKPINK","Kiss and Make Up","Warner Records",16,101,11,"8625735"
54,"spotify:track:2t8yVaLvJ0RenpXUIAC52d","21 Savage","a lot","Slaughter Gang, LLC/Epic Records",42,42,2,"8479403"
55,"spotify:track:1NJcg626wLln4pGHpiV7mf","Billie Eilish, Khalid","lovely (with Khalid)","Darkroom",24,97,37,"8196083"
56,"spotify:track:4KkUjFkcQvGvWekl8RATDn","6ix9ine, Anuel AA","BEBE","Scumgang Records/TenThousand Projects, LLC",17,81,18,"8126353"
57,"spotify:track:7qiZfU4dY1lWllzX7mPBI3","Ed Sheeran","Shape of You","Atlantic Records UK",1,122,104,"8119134"
58,"spotify:track:0s5DNDV6LAKn2u2Ufa3VjQ","Mau y Ricky, Manuel Turizo, Camilo","Desconocidos","Sony Music Latin",58,106,8,"8078078"
59,"spotify:track:2GGMabyHXnJmjY6CXhhB2e","Cardi B","Money","Atlantic/KSR",46,100,10,"8030937"
60,"spotify:track:0TlLq3lA83rQOYtrqBqSct","Drake","Nonstop","Cash Money/Drake LP6",1,109,27,"7842624"
61,"spotify:track:6Gy7rXB6Ku5vIWC7WGWsl3","6ix9ine, Tory Lanez","KIKA","Scumgang Records/TenThousand Projects, LLC",12,89,6,"7790428"
62,"spotify:track:7K7MUBCnzgBAvMVW2RTWNs","Loud Luxury, Brando","Body","Armada Music",19,158,31,"7705347"
63,"spotify:track:3NuK5xMlSlB6K2Qp16zf3h","Clean Bandit, Demi Lovato","Solo (feat. Demi Lovato)","Atlantic Records UK",8,146,33,"7694152"
64,"spotify:track:2qT1uLXPVPzGgFOx4jtEuo","Ariana Grande","no tears left to cry","Republic Records",2,115,37,"7690380"
65,"spotify:track:2FY7b99s15jUprqC0M5NCT","Imagine Dragons","Natural","Kid Ina Korner / Interscope",19,108,24,"7678923"
66,"spotify:track:3id2EVGKc3eFAMn9nFnB0r","Lukas Graham","Love Someone","Warner Records",53,112,17,"7638904"
67,"spotify:track:2XXMDz7SPZ4mSFN1PXfHUy","Becky G, Paulo Londra","Cuando Te Besé","Sony Music Latin",45,99,22,"7633546"
68,"spotify:track:3swc6WTsr7rl9DqQKQA55C","Post Malone, Ty Dolla $ign","Psycho (feat. Ty Dolla $ign)","Republic Records",2,124,45,"7626887"
69,"spotify:track:3ao3OVxHlb3C08vAaApUlm","Luis Fonsi, Ozuna","Imposible","UMLE - Latino",64,98,11,"7593262"
70,"spotify:track:22An65gG31JLf9n18qjdhZ","XXXTENTACION","BAD!","Bad Vibes Forever / EMPIRE",6,80,8,"7556846"
71,"spotify:track:7m9OqQk4RVRkw9JJdeAw96","XXXTENTACION","Jocelyn Flores","Bad Vibes Forever / EMPIRE",7,102,71,"7464907"
72,"spotify:track:0jAfdqv18goRTUxm3ilRjb","A Boogie Wit da Hoodie, Tyga, Offset","Startender (feat. Offset and Tyga)","Highbridge the Label / Atlantic Records",72,103,2,"7376774"
73,"spotify:track:4VUwkH455At9kENOfzTqmF","Bazzi, Camila Cabello","Beautiful (feat. Camila Cabello)","iamcosmic",30,125,22,"7357123"
74,"spotify:track:1rfofaqEpACxVEHIZBJe6W","Camila Cabello, Young Thug","Havana (feat. Young Thug)","Syco Music/Epic",1,160,74,"7344606"
75,"spotify:track:5T8EDUDqKcs6OSOwEsfqG7","Queen","Don't Stop Me Now - Remastered 2011","EMI",51,137,10,"7238914"
76,"spotify:track:2D3z17LBMJ2HEHeBFFjTLi","J Balvin","Reggaeton","UMLE - Latino",76,120,6,"7197142"
77,"spotify:track:2BgEsaKNfHUdlh97KmvFyo","Anne-Marie","2002","Atlantic Records UK",27,150,37,"7156375"
78,"spotify:track:7dNwJbsT0sg1le5kVugGJb","Becky G, Prince Royce, DJ Luian, Mambo Kingz, Anuel AA","Bubalu","Hear This Music",71,110,8,"7144760"
79,"spotify:track:5Fla3zyOCcIRqrDoKLU0DP","Rita Ora","Let You Love Me","Rita Sahatciu Ora",29,126,15,"7134140"
80,"spotify:track:14sOS5L36385FJ3OL8hew4","Kygo, Sandro Cavazza","Happy Now","Kygo",37,130,10,"7115456"
81,"spotify:track:3V8UKqhEK5zBkBb6d6ub8i","Nio Garcia, Casper Magico, Bad Bunny, Darell, Ozuna, Nicky Jam","Te Boté - Remix","2018 Flow La Movie, Inc.",8,123,38,"7052803"
82,"spotify:track:5vdp5UmvTsnMEMESIF2Ym7","Queen","Another One Bites The Dust - Remastered 2011","EMI",36,118,10,"6990358"
83,"spotify:track:76cy1WJvNGJTj78UqeA5zr","Dua Lipa","IDGAF","Warner Records",4,154,53,"6869918"
84,"spotify:track:1LiN0Z98FkR1t0m8KmLcAH","Anuel AA, Haze","Amanece","House of Haze",84,133,3,"6866096"
85,"spotify:track:4QIyEq7TcTdAcxjI2AFlAK","6ix9ine, Nicki Minaj, Murda Beatz","FEFE","Scumgang Records/TenThousand Projects, LLC",2,119,24,"6734435"
86,"spotify:track:0LQ1J0BCzA2qnAgp9MkkNE","6ix9ine, Anuel AA","MALA","Scumgang Records/TenThousand Projects, LLC",71,121,5,"6712315"
87,"spotify:track:0pqnGHJpmpxLKifKRmU6WP","Imagine Dragons","Believer","Kid Ina Korner / Interscope",16,131,100,"6654712"
88,"spotify:track:2xJCMIJfcNYDc5iR0sAm2O","Dua Lipa","New Rules","Warner Records",2,181,78,"6620839"
89,"spotify:track:40T5GIqQ1CegGm2PTEl8Bu","Billie Eilish","idontwannabeyouanymore","Darkroom",83,134,11,"6572413"
90,"spotify:track:4ofwffwvvnbSkrMSCKQDaC","George Ezra","Shotgun","Columbia",35,162,28,"6568840"
91,"spotify:track:09IStsImFySgyp0pIQdqAc","Zedd, Maren Morris, Grey","The Middle","UMGRI Interscope",6,187,49,"6561800"
92,"spotify:track:08bNPGLD8AhKpnnERrAc6G","Marshmello, Anne-Marie","FRIENDS","Atlantic Records UK",4,178,47,"6551257"
93,"spotify:track:6mQLN3zRtAp6ovjusyYKrV","James Arthur, Anne-Marie","Rewrite The Stars (with James Arthur & Anne-Marie)","Atlantic Records",93,155,6,"6516078"
94,"spotify:track:3KLygy1YWhmrQx0GRs7IOx","Jonas Blue, Jack & Jack","Rise","Positiva",12,174,31,"6466669"
95,"spotify:track:4S8d14HvHb70ImctNgVzQQ","Kanye West, Lil Pump","I Love It (& Lil Pump)","Getting Out Our Dreams, Inc./Def Jam Recordings",1,144,17,"6420447"
96,"spotify:track:0tgVpDi06FyKpA1z0VMD4v","Ed Sheeran","Perfect","Atlantic Records UK",4,149,96,"6404521"
97,"spotify:track:7uQmJ1jgNzBpATSoWKSPFu","Sebastian Yatra, Mau y Ricky","Ya No Tiene Novio","UMLE - Latino",68,143,18,"6368854"
98,"spotify:track:5wujBwqG7INdStqGd4tRMX","Juice WRLD","Armed And Dangerous","Juice WRLD Mixtape / ISR P&D",34,138,8,"6210584"
99,"spotify:track:4jvjzW7Hm0yK4LvvE0Paz9","Lil Peep, XXXTENTACION","Falling Down - Bonus Track","Columbia",2,136,16,"6159031"
100,"spotify:track:4OafepJy2teCjYJbvFE60J","Ariana Grande","breathin","Republic Records",2,140,20,"6137178"
101,"spotify:track:04MLEeAMuV9IlHEsD8vF6A","French Montana, Drake","No Stylist (feat. Drake)","Epic",27,166,15,"6026099"
102,"spotify:track:75ZvA4QfFiZvzhj2xkaWAh","Post Malone","I Fall Apart","Universal Records",10,167,67,"6001541"
103,"spotify:track:5OCJzvD7sykQEKHH7qAC3C","Ariana Grande","God is a woman","Republic Records",2,153,25,"5988516"
104,"spotify:track:7AFASza1mXqntmGtbxXprO","XXXTENTACION","changes","Bad Vibes Forever, LLC",9,147,44,"5925059"
105,"spotify:track:1zB4vmk8tFRmM9UULNzbLB","Imagine Dragons","Thunder","Kid Ina Korner / Interscope",8,175,88,"5824786"
106,"spotify:track:278kSqsZIiYp8p3QjYAqa8","Bad Bunny","NI BIEN NI MAL","Rimas Entertainment LLC",106,-1,1,"5785233"
107,"spotify:track:2fuCquhmrzHpu5xcA1ci9x","Queen, David Bowie","Under Pressure - Remastered 2011","EMI",55,165,9,"5779865"
108,"spotify:track:4hQ6UGyWQIGJmHSo0J88JW","Selena Gomez","Back To You - From 13 Reasons Why – Season 2 Soundtrack","UMGRI Interscope",4,182,34,"5779459"
109,"spotify:track:0YammaEkYSeo9vQYZ1OwS6","David Guetta, Bebe Rexha, J Balvin","Say My Name","Parlophone (France)",68,-1,15,"5760891"
110,"spotify:track:2wVDWtLKXunswWecARNILj","JENNIE","SOLO","YG Entertainment",66,164,8,"5715245"
111,"spotify:track:7lAK3oHbfEnvUQWosrMMpR","Travis Scott","YOSEMITE","Cactus Jack / Epic / Grand Hustle",24,192,18,"5680436"
112,"spotify:track:5EKHbW7mXcAR4hCyS3YXjb","Felipe Araújo, Ferrugem","Atrasadinha - Live","Universal Music Ltda.",112,185,6,"5676750"
113,"spotify:track:2P91MQbaiQOfbiz9VqhqKQ","Lauv","I Like Me Better","Lauv",29,186,83,"5654767"
114,"spotify:track:5N4erncE7kuUccm7zEmwzk","Silk City, Dua Lipa, Diplo, Mark Ronson","Electricity (with Dua Lipa)","Columbia",14,199,17,"5627393"
115,"spotify:track:4Uy3kNxW2kB8AEoXljEcth","Nicki Minaj, Anuel AA, Bantu","Familia (with Anuel Aa, feat. Bantu) - Spider-Man: Into the Spider-Verse","Universal Records",115,169,3,"5605078"
116,"spotify:track:222B3aljXx6fFwKmFjuBED","Little Mix, Nicki Minaj","Woman Like Me (feat. Nicki Minaj)","Syco Music",22,179,12,"5601723"
117,"spotify:track:6q8Lb50EtqNeeJXXe8mMAH","KAROL G, Anuel AA","Culpables","UMLE - Latino",89,159,16,"5549463"
118,"spotify:track:4NBTZtAt1F13VvlSKe6KTl","The Chainsmokers, Kelsea Ballerini","This Feeling","Disruptor Records/Columbia",23,198,15,"5529365"
119,"spotify:track:4paAidoE8VAemwU4jgCc6l","21 Savage","all my friends","Slaughter Gang, LLC/Epic Records",83,83,2,"5517485"
120,"spotify:track:2zDj4WjbNDmrRL6Z4YjjCA","Reik, Maluma","Amigos Con Derechos","Columbia",69,171,18,"5509676"
121,"spotify:track:04ZTP5KsCypmtCmQg5tH9R","Bebe Rexha","I'm a Mess","Warner Bros.",52,191,28,"5408581"
122,"spotify:track:1KVczjazCcCCgM3gXXUl47","benny blanco, Juice WRLD, Brendon Urie","Roses (with Juice WRLD feat. Brendon Urie)","Friends Keep Secrets/Interscope Records",122,197,4,"5406581"
123,"spotify:track:6cFZ4PLC19taNlpl9pbGMf","Queen","Somebody To Love - Remastered 2011","EMI",50,170,9,"5374138"
124,"spotify:track:3CA9pLiwRIGtUBiMjbZmRw","Drake","Nice For What","Cash Money/Drake LP6",1,-1,38,"5356136"
125,"spotify:track:7AQim7LbvFVZJE3O8TYgf2","XXXTENTACION, Trippie Redd","Fuck Love (feat. Trippie Redd)","Bad Vibes Forever / EMPIRE",19,172,68,"5323299"
126,"spotify:track:7BKLCZ1jbUBVqRi2FVlTVw","The Chainsmokers, Halsey","Closer","Disruptor Records/Columbia",2,-1,105,"5270523"
127,"spotify:track:4kWO6O1BUXcZmaxitpVUwp","Tiësto, Dzeko, Preme, Post Malone","Jackie Chan","Universal Music, a division of Universal International Music BV",11,-1,32,"5226205"
128,"spotify:track:7KPGeiXWDsGEvFK62wzU8E","Capital Bra","Benzema","Bra Musik",105,105,2,"5208649"
129,"spotify:track:5uCax9HTNlzGybIStD3vDh","James Arthur","Say You Won't Let Go","Columbia",7,-1,105,"5203101"
130,"spotify:track:4m5Cd9kAbIxg6t9sMrQWtk","6ix9ine, Lil Baby","TIC TOC","Scumgang Records/TenThousand Projects, LLC",10,163,6,"5174217"
131,"spotify:track:4qKcDkK6siZ7Jp1Jb4m0aL","BlocBoy JB, Drake","Look Alive (feat. Drake)","Bloc Nation",6,200,47,"5164649"
132,"spotify:track:4e4fqjx0Izh4svvTef1z7e","Bebe Rexha, Florida Georgia Line","Meant to Be (feat. Florida Georgia Line)","Warner Bros.",18,-1,67,"5131434"
133,"spotify:track:5CLGzJsGqhCEECcpnFQA8x","Rudimental, Jess Glynne, Macklemore, Dan Caplen","These Days (feat. Jess Glynne, Macklemore & Dan Caplen)","Atlantic Records UK",9,-1,46,"5084818"
134,"spotify:track:1mXVgsBdtIVeCLJnSnmtdV","Sam Smith","Too Good At Goodbyes","Capitol",1,-1,68,"5071938"
135,"spotify:track:2c7GlMNmF7pbohjykutmLP","Sia, Diplo, Labrinth, LSD","Thunderclouds (feat. Sia, Diplo, and Labrinth)","Records/Columbia",34,-1,20,"5058169"
136,"spotify:track:4OBZT9EnhYIV17t4pGw7ig","Daniel Caesar, H.E.R.","Best Part (feat. H.E.R.)","MBK Entertainment/RCA Records",136,-1,1,"5012766"
137,"spotify:track:60SdxE8apGAxMiRrpbmLY0","Eminem, Joyner Lucas","Lucky You (feat. Joyner Lucas)","Aftermath",1,-1,17,"4973323"
138,"spotify:track:62o8KoI44JfN7aYxgTnPvh","Maluma","Mala Mía","Sony Music Latin",56,183,21,"4948510"
139,"spotify:track:2ijef6ni2amuunRoKTlgww","Becky G, NATTI NATASHA","Sin Pijama","Sony Music Latin",22,-1,35,"4928710"
140,"spotify:track:3a1lNhkSLSkpJE4MSHpDu9","Post Malone, Quavo","Congratulations","Universal Records",20,-1,101,"4914505"
141,"spotify:track:7GX5flRQZVHRAGd6B4TmDO","Lil Uzi Vert","XO Tour Llif3","Generation Now/Atlantic",10,194,93,"4914141"
142,"spotify:track:3GCdLUSnKSMJhs4Tj6CV3s","Kendrick Lamar, SZA","All The Stars (with SZA)","Black Panther (TDE/DMG) PS",2,-1,40,"4873086"
143,"spotify:track:45Egmo7icyopuzJN0oMEdk","Khalid, Normani","Love Lies (with Normani)","RCA Records Label",11,-1,44,"4863267"
144,"spotify:track:74lnM5V6ecvoTPV0fvptx9","Ski Mask The Slump God, Juice WRLD","Nuketown (feat. Juice WRLD)","Republic Records",87,-1,4,"4851643"
145,"spotify:track:1DcxnVNFAyVl2sDQ646pXS","Kevin Roldan","PPP","UMLE - Latino",121,-1,11,"4819802"
146,"spotify:track:0WdGQhoAP2LBsqr5Jhit2g","Maroon 5, SZA","What Lovers Do (feat. SZA)","Interscope Records*",5,-1,64,"4764489"
147,"spotify:track:3Hb9kUdm4yf839Fle4RIdT","MC L da Vinte, MC Gury","Parado no Bailão","Funk Explode",147,-1,2,"4758607"
148,"spotify:track:59PYgzOiOjGDzjDT5N5oOX","Brytiago, Daddy Yankee, Ozuna, Darell, Anuel AA","Asesina - Remix","Business Music/Duars Music",124,-1,8,"4725657"
149,"spotify:track:5qFeMRz4TvetPmzjre9Dq7","J Balvin, Zion & Lennox","No Es Justo","UMLE - Latino",30,-1,27,"4715287"
150,"spotify:track:2rbDhOo9Fh61Bbu23T2qCk","Lady Gaga","Always Remember Us This Way","A Star is Born OST",35,-1,11,"4704000"
151,"spotify:track:2374M0fQpWi3dLnB54qaLX","TOTO","Africa","Columbia",137,-1,36,"4694978"
152,"spotify:track:7ycWLEP1GsNjVvcjawXz3z","A$AP Rocky, Skepta","Praise The Lord (Da Shine) (feat. Skepta)","A$AP Worldwide/Polo Grounds Music/RCA Records",25,-1,31,"4652425"
153,"spotify:track:2QZ7WLBE8h2y1Y5Fb8RYbH","Shawn Mendes","In My Blood","Island Records",7,-1,38,"4641897"
154,"spotify:track:0kLA41xkWzzYzMIEGFuDkP","LX, Maxwell, Bonez MC, Gzuz, Sa4","HaifischNikez Allstars","187 Strassenbande",154,-1,1,"4640455"
155,"spotify:track:6vN77lE9LK6HP2DewaN6HZ","Lil Baby, Drake","Yes Indeed","Quality Control Music, LLC",12,-1,33,"4608359"
156,"spotify:track:5274I4mUMnYczyeXkGDWZN","Future, Juice WRLD","Fine China","Epic/Freebandz/Grade A/Interscope",21,-1,10,"4573992"
157,"spotify:track:6JQvHMSaR8flFsN53ypOfP","Lil Mosey","Noticed","Mogul Vision/Interscope Records",41,-1,17,"4541948"
158,"spotify:track:51NFxnQvaosfDDutk0tams","Billie Eilish","bellyache","Darkroom",70,-1,6,"4536468"
159,"spotify:track:1h9P5WJwyvK8OB7O2YiXgp","Ozuna, Romeo Santos","Ibiza","VP Records Corp/Dimelo Vi",98,-1,15,"4528693"
160,"spotify:track:1mT47pKLXUwPYGwB91GcNz","KAROL G, Maluma","Créeme","UMLE - Latino",155,-1,4,"4503193"
161,"spotify:track:5Z3GHaZ6ec9bsiI5BenrbY","Khalid","Young Dumb & Broke","Right Hand Music Group, LLC/RCA Records",12,-1,73,"4501989"
162,"spotify:track:6wWaVoUOzLQJHd3bWAUpdZ","Lil Baby, Gunna, Drake","Never Recover (Lil Baby & Gunna, Drake)","Quality Control Music/Young Stoner Life Records, a 300 Entertainment Label/Motown Records/Capitol Records",27,-1,12,"4479003"
163,"spotify:track:2qkNnJvQvhLiZ63X1L3eFz","Zé Neto & Cristiano","Notificação Preferida - Ao Vivo","Som Livre",163,-1,1,"4460662"
164,"spotify:track:0PowxVSTY2uh1CPc8EPKyX","Marshmello, Roddy Ricch","Project Dreams","Warner Records",164,-1,1,"4453283"
165,"spotify:track:4pbJqGIASGPr0ZpGpnWkDn","Queen","We Will Rock You - Remastered 2011","EMI",73,-1,8,"4450090"
166,"spotify:track:1Slwb6dOYkBlWal1PGtnNg","Ed Sheeran","Thinking out Loud","Atlantic Records UK",58,-1,102,"4419547"
167,"spotify:track:3GVkPk8mqxz0itaAriG1L7","XXXTENTACION","Everybody Dies In Their Nightmares","Bad Vibes Forever / EMPIRE",24,-1,54,"4419218"
168,"spotify:track:2uIX8YMNjGMD7441kqyyNU","Billie Eilish","ocean eyes","Darkroom",108,-1,14,"4411442"
169,"spotify:track:1fewSx2d5KIZ04wsooEBOz","Metro Boomin, Gunna","Space Cadet (feat. Gunna)","Republic Records",63,-1,5,"4406550"
170,"spotify:track:1oJ8EDr2pv94IvSd6ZmDgo","6ix9ine, Nicki Minaj, Kanye West","MAMA","Scumgang Records/TenThousand Projects, LLC",26,-1,5,"4401443"
171,"spotify:track:7uzmGiiJyRfuViKKK3lVmR","Bazzi","Mine","iamcosmic",3,-1,45,"4388694"
172,"spotify:track:79OEIr4J4FHV0O3KrhaXRb","Rich The Kid","Splashin","Interscope Records",172,-1,2,"4380872"
173,"spotify:track:7KXjTSCq5nL1LoYtL7XAwS","Kendrick Lamar","HUMBLE.","Aftermath",1,-1,88,"4364302"
174,"spotify:track:5rFj8OzffT0iggSjcBaeND","Sam Smith","Fire On Fire - From ""Watership Down""","Capitol",174,-1,1,"4334794"
175,"spotify:track:5WvAo7DNuPRmk4APhdPzi8","DJ Khaled, Justin Bieber, Quavo, Chance the Rapper","No Brainer","Epic/We The Best",2,-1,19,"4318986"
176,"spotify:track:5qqabIl2vWzo9ApSC317sa","Oasis","Wonderwall - Remastered","Big Brother",152,-1,60,"4309033"
177,"spotify:track:04cd1MHVq1D8v1nuTZoCdv","Piso 21","Puntos Suspensivos","WM Mexico",177,-1,1,"4295780"
178,"spotify:track:5yH8pYxNckOU1cxfPsMIaz","DENNIS, MC Kevinho","Agora é Tudo Meu","Sony Music Entertainment",178,-1,1,"4290835"
179,"spotify:track:5ChkMS8OtdzJeqyybCc9R5","Michael Jackson","Billie Jean","Epic/Legacy",140,-1,2,"4287429"
180,"spotify:track:6fxVffaTuwjgEk5h9QyRjy","Ed Sheeran","Photograph","Atlantic Records UK",41,-1,96,"4286566"
181,"spotify:track:6it15CsDlkqB7N4lF0C1qM","Bad Bunny","Caro","Rimas Entertainment LLC",181,-1,1,"4285138"
182,"spotify:track:2H1liABu20HXBOmbt5SQz1","Marília Mendonça","Ciumeira - Ao Vivo","Som Livre",168,-1,3,"4279596"
183,"spotify:track:39N9RPD9MRb5WmoLzNzPeA","Nicky Jam, J Balvin","X","Sony Music Latin",4,-1,34,"4266545"
184,"spotify:track:0tBbt8CrmxbjRP0pueQkyU","Selena Gomez, Marshmello","Wolves","Selena Gomez PS",3,-1,52,"4234756"
185,"spotify:track:7sO5G9EABYOXQKNPNiE9NR","Offset, Metro Boomin","Ric Flair Drip (with Metro Boomin)","Slaughter Gang, LLC/Epic/Quality Control Music/Motown/Capitol/Boominati Worldwide/Republic",32,-1,58,"4226340"
186,"spotify:track:6QgjcU0zLnzq5OrUoSZ3OK","Portugal. The Man","Feel It Still","Atlantic Records",18,-1,64,"4221541"
187,"spotify:track:630sXRhIcfwr2e4RdNtjKN","Zac Efron, Zendaya","Rewrite The Stars","Atlantic Records",20,-1,25,"4211648"
188,"spotify:track:3rPAD722s5FFNnwjC91t7Z","Anuel AA","Quiere Beber","2018 Real Hasta La Muerte, Inc.",45,-1,17,"4208734"
189,"spotify:track:5aXgz1oKK8Q9z9xvTmSnrO","Trippie Redd","Topanga","TenThousand Projects, LLC",47,-1,9,"4202833"
190,"spotify:track:6gBFPUFcJLzWGx4lenP6h2","Travis Scott","goosebumps","Epic/Grand Hustle",60,-1,99,"4185425"
191,"spotify:track:4VXIryQMWpIdGgYR4TrjT1","Juice WRLD","All Girls Are The Same","Juice WRLD Mixtape / ISR P&D",48,-1,33,"4147797"
192,"spotify:track:1wJRveJZLSb1rjhnUHQiv6","A Boogie Wit da Hoodie, 6ix9ine","Swervin (feat. 6ix9ine)","Highbridge the Label / Atlantic Records",192,-1,1,"4127887"
193,"spotify:track:2lAyctg5FocS67eksHoyIg","Márcia Fellipe, Jerry Smith","Quem Me Dera","Universal Music Ltda.",193,-1,1,"4116188"
194,"spotify:track:6eYxmK9fdL4hwLnXG2zY3s","XXXTENTACION","Look At Me!","Bad Vibes Forever / EMPIRE",39,-1,70,"4105261"
195,"spotify:track:6RUKPb4LETWmmr3iAEQktW","The Chainsmokers, Coldplay","Something Just Like This","Disruptor Records/Columbia",2,-1,93,"4095693"
196,"spotify:track:5Gu0PDLN4YJeW75PpBSg9p","Hailee Steinfeld, Alesso, Florida Georgia Line, WATT","Let Me Go (with Alesso, Florida Georgia Line & watt)","Universal Records",16,-1,39,"4093084"
197,"spotify:track:7oK9VyNzrYvRFo7nQEYkWN","The Killers","Mr. Brightside","Island Records",148,-1,35,"4056491"
198,"spotify:track:63SevszngYpZOwf63o61K4","Dennis Lloyd","Nevermind","WM Italy",18,-1,36,"4016855"
199,"spotify:track:4M3FO0ji6Lc8vwD1sgf1nc","Kygo, Imagine Dragons","Born To Be Yours","Kygo",25,-1,25,"4009944"
200,"spotify:track:2RttW7RAu5nOAfq6YFvApB","Ed Sheeran","Happier","Atlantic Records UK",10,-1,82,"4003713"
